"","number","artist","title","album"
"1","90077755","임영웅","이제 나만 믿어요","내일은 미스터트롯 우승자 특전곡"
"2","92558379","임영웅","별빛 같은 나의 사랑아","별빛 같은 나의 사랑아"
"3","91264455","임영웅","HERO","HERO"
"4","88182869","임영웅","계단말고 엘리베이터","계단말고 엘리베이터"
"5","86523881","임영웅","소나기","미워요 & 소나기"
"6","86523880","임영웅","미워요","미워요 & 소나기"
"7","92457797","임영웅","후","사랑의 콜센타 PART44"
"8","90160784","김호중","나보다 더 사랑해요","나보다 더 사랑해요"
"9","92107245","임영웅","걷고 싶다","사랑의 콜센타 PART39"
"10","86855560","임영웅","뭣이중헌디","뭣이 중헌디"
"11","90788463","김호중","만개 (Prod. 신지후)","우리家"
"12","89894708","임영웅","어느 60대 노부부이야기","내일은 미스터트롯 트롯 에이드 베스트"
"13","89979388","영탁","찐이야","내일은 미스터트롯 결승전 베스트"
"14","92560997","임영웅","신 사랑고개","사랑의 콜센타 PART45"
"15","89787351","임영웅","바램","내일은 미스터트롯 예선곡 베스트"
"16","88313841","영탁","니가 왜 거기서 나와 (Narr. 고은아)","니가 왜 거기서 나와"
"17","89979393","김호중","고맙소","내일은 미스터트롯 결승전 베스트"
"18","90677250","임영웅","오래된 노래","사랑의 콜센타 Part19"
"19","89808658","영탁","막걸리 한잔","내일은 미스터트롯 데스매치 PART1"
"20","90788470","김호중","퇴근길","우리家"
"21","91405776","장윤정","돼지토끼","돼지토끼"
"22","88674285","홍진영","오늘 밤에","Lots of Love"
"23","90413561","김호중","할무니","할무니"
"24","90788469","김호중","애인이 되어줄게요 (Prod. by 알고보니 & 혼수상태)","우리家"
"25","90690739","나훈아","테스형!","아홉 이야기"
"26","90417654","임영웅","이제 나만 믿어요 (Piano by 조영수)","이제 나만 믿어요"
"27","92973340","김희재","따라따라와 (Prod. by 영탁)","따라따라와"
"28","90788462","김호중","나만의 길 (My Way)","우리家"
"29","88673693","장윤정","목포행 완행열차","preparation (쁘레빠라씨용)"
"30","89787354","이찬원","진또배기","내일은 미스터트롯 예선곡 베스트"
"31","87577449","장윤정","옆집누나","조영수 All Star - 장윤정"
"32","92279224","김태연","바람길","내일은 미스트롯2 레전드 미션 베스트 준결승1"
"33","89947882","임영웅","보라빛 엽서","내일은 미스터트롯 레전드 미션 베스트"
"34","80746440","장윤정","초혼","올래"
"35","89365501","박군","한잔해","한잔해"
"36","92448751","양지은","그 강을 건너지마오","내일은 미스트롯2 결승전 작곡가미션"
"37","88673698","장윤정","사랑 참","preparation (쁘레빠라씨용)"
"38","89979387","정동원 (Jeong Dong Won)","여백","내일은 미스터트롯 결승전 베스트"
"39","89979385","김희재","나는 남자다","내일은 미스터트롯 결승전 베스트"
"40","89947883","영탁","추억으로 가는 당신","내일은 미스터트롯 레전드 미션 베스트"
"41","86855561","임영웅","따라따라","뭣이 중헌디"
"42","89979390","임영웅","두 주먹","내일은 미스터트롯 결승전 베스트"
"43","81980245","김연자","아모르 파티","아모르 파티"
"44","93049952","임영웅","바보같지만","사랑의 콜센타 PART51"
"45","89787352","정동원 (Jeong Dong Won)","보릿고개","내일은 미스터트롯 예선곡 베스트"
"46","52454575","장윤정","사랑아","장윤정 Best - The Encore"
"47","91691112","임영웅","날 울린 당신","사랑의 콜센타 Part35"
"48","92272051","영탁","이불","이불"
"49","82914390","홍진영","산다는 건 (Cheer Up)","인생노트 (LIFE NOTE)"
"50","89787355","영탁","사내","내일은 미스터트롯 예선곡 베스트"
"51","89979396","이찬원","18세 순이","내일은 미스터트롯 결승전 베스트"
"52","86036477","영탁","누나가 딱이야","누나가 딱이야"
"53","91622413","임영웅","니가 올래 내가 갈까","사랑의 콜센타 Part34"
"54","90252976","영탁","옆집오빠","사랑의 콜센타 Part 7"
"55","92518697","양지은","붓","내일은 미스트롯2 결승전 인생곡 미션"
"56","90170340","둘째이모 김다비","주라주라","주라주라"
"57","90751198","임영웅","그 중에 그대를 만나","사랑의 콜센타 Part21"
"58","89831306","임영웅","일편단심 민들레야","내일은 미스터트롯 데스매치 PART2"
"59","91064185","임영웅","어느날 문득","사랑의 콜센타 Part27"
"60","93049943","이찬원","자네! (8자는 뒤집어도 8자)","사랑의 콜센타 PART51"
"61","91209195","홍진영","안돼요","안돼요 (Never ever)"
"62","92448754","김태연","오세요","내일은 미스트롯2 결승전 작곡가미션"
"63","92448752","홍지윤","오라","내일은 미스트롯2 결승전 작곡가미션"
"64","89606316","유산슬","사랑의 재개발","뽕포유"
"65","87736568","나훈아","공","나훈아 - 40주년 기념 특별 기획음반 (최신 골든 히트곡 모음집)"
"66","87753605","홍진영","잘가라","잘가라"
"67","92228081","홍지윤","배 띄워라 (송소희 Ver.)","내일은 미스트롯2 메들리 팀미션 에이스전"
"68","92279223","홍지윤","꽃바람","내일은 미스트롯2 레전드 미션 베스트 준결승1"
"69","89787373","김희재","돌리도","내일은 미스터트롯 예선곡 베스트"
"70","90063064","홍진영","사랑은 꽃잎처럼","Birth flower"
"71","89831309","이찬원","울긴 왜 울어","내일은 미스터트롯 데스매치 PART2"
"72","87736564","나훈아","홍시","나훈아 - 40주년 기념 특별 기획음반 (최신 골든 히트곡 모음집)"
"73","92063415","양지은","빙빙빙","내일은 미스트롯2 데스매치 PART2"
"74","89979389","이찬원","딱! 풀","내일은 미스터트롯 결승전 베스트"
"75","91790818","전유진","서울 가 살자","내일은 미스트롯2 예선전 베스트 PART2"
"76","89947895","정동원 & 장민호","파트너","내일은 미스터트롯 레전드 미션 베스트"
"77","91708886","홍지윤","엄마아리랑","내일은 미스트롯2 예선전 베스트 PART1"
"78","90295220","임영웅","아로하","사랑의 콜센타 Part 8"
"79","92279221","양지은","사모곡","내일은 미스트롯2 레전드 미션 베스트 준결승1"
"80","90148254","임영웅","상사화","사랑의 콜센타 Part 3"
"81","87736397","나훈아","사내","New Freestyle (40주년 기념앨범)"
"82","92448750","김다현","인연이라 슬펐노라","내일은 미스트롯2 결승전 작곡가미션"
"83","91980003","김다현","회룡포","내일은 미스트롯2 데스매치 PART1"
"84","92279217","김다현","훨훨훨","내일은 미스트롯2 레전드 미션 베스트 준결승1"
"85","92876622","희남매 (김희재 & 홍현희 & 김나희)","눈치제로 (Prod. by 영탁)","눈치제로"
"86","84091650","진성","보릿고개","안동역에서"
"87","90751194","임영웅","그런 사람 또 없습니다","사랑의 콜센타 Part21"
"88","93049948","임영웅","밀어 밀어","사랑의 콜센타 PART51"
"89","52453978","장윤정","꽃","장윤정 Best - The Encore"
"90","92448749","은가은","티키타카","내일은 미스트롯2 결승전 작곡가미션"
"91","90788465","김호중","우산이 없어요","우리家"
"92","91979998","김태연","간데요 글쎄","내일은 미스트롯2 데스매치 PART1"
"93","92448755","별사랑","돋보기","내일은 미스트롯2 결승전 작곡가미션"
"94","92228080","은가은","바람의 노래","내일은 미스트롯2 메들리 팀미션 에이스전"
"95","91921627","중고등부 (성민지화자좋다)","손님온다","내일은 미스트롯2 팀미션 베스트"
"96","90640758","영탁","바람의 노래","사랑의 콜센타 Part18"
"97","91860747","양지은","아버지와 딸","내일은 미스트롯2 예선전 베스트 PART3"
"98","92063420","전유진","약속","내일은 미스트롯2 데스매치 PART2"
"99","83888619","장윤정","바람길","女子"
"100","92518698","홍지윤","망부석","내일은 미스트롯2 결승전 인생곡 미션"
